{"cameraMode":{"drawMode":0,"name":"Shaded","section":"Shading Mode"},"sceneLighting":false,"audioPlay":false,"sceneViewState":{"m_AlwaysRefresh":false,"showFog":true,"showSkybox":false,"showFlares":true,"showImageEffects":true,"showParticleSystems":true,"showVisualEffectGraphs":true,"m_FxEnabled":true},"in2DMode":false,"pivot":{"x":0.5727999210357666,"y":1.0073647499084473,"z":-8.611873626708985},"rotation":{"x":-0.08241720497608185,"y":0.3598266541957855,"z":-0.03192700818181038,"w":-0.9288349747657776},"size":0.04466410353779793,"orthographic":false}